{"cameraMode":{"drawMode":0,"name":"Shaded","section":"Shading Mode"},"sceneLighting":true,"audioPlay":false,"sceneViewState":{"m_AlwaysRefresh":false,"showFog":true,"showSkybox":true,"showFlares":true,"showImageEffects":true,"showParticleSystems":true,"showVisualEffectGraphs":true,"m_FxEnabled":true},"in2DMode":false,"pivot":{"x":0.9303348064422607,"y":5.580009460449219,"z":-1.695935845375061},"rotation":{"x":0.005560474935919046,"y":0.8938831686973572,"z":-0.4481319487094879,"w":0.010963508859276772},"size":4.01820707321167,"orthographic":false}