{"cameraMode":{"drawMode":0,"name":"Shaded","section":"Shading Mode"},"sceneLighting":true,"audioPlay":false,"sceneViewState":{"m_AlwaysRefresh":false,"showFog":true,"showSkybox":true,"showFlares":true,"showImageEffects":true,"showParticleSystems":true,"showVisualEffectGraphs":true,"m_FxEnabled":true},"in2DMode":false,"pivot":{"x":-0.3446711301803589,"y":-0.09183496236801148,"z":1.3608428239822388},"rotation":{"x":0.29575881361961367,"y":0.6123871207237244,"z":-0.2649332284927368,"w":0.6836345791816711},"size":1.6224744319915772,"orthographic":false}