{"cameraMode":{"drawMode":0,"name":"Shaded","section":"Shading Mode"},"sceneLighting":true,"audioPlay":false,"sceneViewState":{"m_AlwaysRefresh":false,"showFog":true,"showSkybox":true,"showFlares":true,"showImageEffects":true,"showParticleSystems":true,"showVisualEffectGraphs":true,"m_FxEnabled":true},"in2DMode":false,"pivot":{"x":0.37170344591140749,"y":-0.08544212579727173,"z":-0.7992957830429077},"rotation":{"x":0.08320745825767517,"y":0.898760199546814,"z":-0.3840281367301941,"w":0.19465117156505586},"size":1.000624418258667,"orthographic":false}