{"cameraMode":{"drawMode":0,"name":"Shaded","section":"Shading Mode"},"sceneLighting":false,"audioPlay":false,"sceneViewState":{"m_AlwaysRefresh":false,"showFog":true,"showSkybox":false,"showFlares":true,"showImageEffects":true,"showParticleSystems":true,"showVisualEffectGraphs":true,"m_FxEnabled":true},"in2DMode":false,"pivot":{"x":0.011182129383087159,"y":0.012729398906230927,"z":0.030450649559497834},"rotation":{"x":-0.18219541013240815,"y":0.8154837489128113,"z":-0.35279563069343569,"w":-0.42113012075424197},"size":3.020744562149048,"orthographic":false}