{"cameraMode":{"drawMode":0,"name":"Shaded","section":"Shading Mode"},"sceneLighting":false,"audioPlay":false,"sceneViewState":{"m_AlwaysRefresh":false,"showFog":true,"showSkybox":false,"showFlares":true,"showImageEffects":true,"showParticleSystems":true,"showVisualEffectGraphs":true,"m_FxEnabled":true},"in2DMode":false,"pivot":{"x":2.384185791015625e-7,"y":0.4718167781829834,"z":0.028418809175491334},"rotation":{"x":-0.023465536534786226,"y":0.9678143858909607,"z":-0.2304060310125351,"w":-0.09878738969564438},"size":1.2493358850479127,"orthographic":false}