{"cameraMode":{"drawMode":0,"name":"Shaded","section":"Shading Mode"},"sceneLighting":false,"audioPlay":false,"sceneViewState":{"m_AlwaysRefresh":false,"showFog":true,"showSkybox":false,"showFlares":true,"showImageEffects":true,"showParticleSystems":true,"showVisualEffectGraphs":true,"m_FxEnabled":true},"in2DMode":false,"pivot":{"x":-0.05263694003224373,"y":-0.27204862236976626,"z":-0.3961697220802307},"rotation":{"x":-0.01257035881280899,"y":0.9526244401931763,"z":-0.3012799322605133,"w":-0.03974653407931328},"size":0.710791289806366,"orthographic":false}